"codigo","nombre"
"008","Lek"
"012","Dinar argelino"
"032","Peso argentino"
"036","Dólar australiano"
"044","Dólar bahameño"
"048","Dinar bareiní"
"050","Taka"
"051","Dram"
"052","Dólar barbadense"
"060","Dólar bermudeño"
"064","Gultrum"
"068","Boliviano"
"072","Pula"
"084","Dólar beliceño"
"090","Dólar salomonense"
"096","Dólar bruneano"
"104","Kiat"
"108","Franco burundés"
"116","Riel"
"124","Dólar canadiense"
"132","Escudo caboverdiano"
"136","Dólar caimanés"
"144","Rupia esrilanquesa"
"152","Peso chileno"
"156","Yuan renminbi"
"170","Peso colombiano"
"174","Franco comorense"
"188","Colón costarricense"
"191","Kuna"
"192","Peso cubano"
"203","Corona checa"
"208","Corona danesa"
"214","Peso dominicano"
"222","Colón salvadoreño"
"230","Bir"
"232","Nakfa"
"238","Libra de las Islas Malvinas"
"242","Dólar fiyiano"
"262","Franco yibutiano"
"270","Dalasi"
"292","Libra gibraltareña"
"320","Quetzal"
"324","Franco guineano"
"328","Dólar guyanés"
"332","Gurde"
"340","Lempira"
"344","Dólar hongkonés"
"348","Forinto"
"352","Corona islandesa"
"356","Rupia india"
"360","Rupia"
"364","Rial iraní"
"368","Dinar iraquí"
"376","Séquel"
"388","Dólar jamaicano"
"392","Yen"
"398","Tengue"
"400","Dinar jordano"
"404","Chelín keniata"
"408","Won de la República Popular Democrática de Corea"
"410","Won de la República de Corea"
"414","Dinar kuwaití"
"417","Som"
"418","Kip"
"422","Libra libanesa"
"426","Loti"
"430","Dólar liberiano"
"434","Dinar libio"
"446","Pataca"
"454","Kuacha malauí"
"458","Ringit"
"462","Rufiya"
"480","Rupia mauriciana"
"484","Peso mexicano"
"496","Tugrik"
"498","Leu moldavo"
"504","Dírham marroquí"
"512","Rial omaní"
"516","Dólar namibio"
"524","Rupia nepalesa"
"532","Florín antillano neerlandés"
"532","Florín del Caribe"
"533","Florín arubeño"
"548","Vatu"
"554","Dólar neozelandés"
"558","Córdoba oro"
"566","Naira"
"578","Corona noruega"
"586","Rupia pakistaní"
"590","Balboa"
"598","Kina"
"600","Guaraní"
"604","Sol"
"608","Peso filipino"
"634","Rial catarí"
"643","Rublo ruso"
"646","Franco ruandés"
"654","Libra de Santa Elena"
"682","Riyal saudí"
"690","Rupia seychellense"
"694","Leona"
"702","Dólar singapurense"
"704","Dong"
"706","Chelín somalí"
"710","Rand"
"728","Libra sursudanesa"
"748","Lilangeni"
"752","Corona sueca"
"756","Franco suizo"
"760","Libra siria"
"764","Bat"
"776","Paanga"
"780","Dólar de Trinidad y Tobago"
"784","Dírham emiratí"
"788","Dinar tunecino"
"800","Chelín ugandés"
"807","Denar"
"818","Libra egipcia"
"826","Libra esterlina"
"834","Chelín tanzano"
"840","Dólar estadounidense"
"858","Peso uruguayo"
"860","Sum"
"882","Tala"
"886","Riyal yemení"
"901","Nuevo dólar taiwanés"
"924","Oro de Zimbabue"
"925","Leona"
"926","Bolívar digital"
"927","Unidad Previsional"
"928","Bolívar soberano"
"929","Uguiya"
"930","Dobra"
"931","Peso convertible"
"932","Dólar zimbabuense"
"933","Rublo bielorruso"
"934","Manat turcomano"
"936","Cedi"
"938","Libra sudanesa"
"940","Peso Uruguayo en Unidades Indexadas"
"941","Dinar serbio"
"943","Metical"
"944","Manat azerbaiyano"
"946","Leu rumano"
"947","Euro WIR"
"948","Franco WIR"
"949","Lira turca"
"950","Franco CFA (BEAC)"
"951","Dólar del Caribe Oriental"
"952","Franco CFA (BCEAO)"
"953","Franco CFP"
"955","Unidad de mercados de obligaciones – Unidad compuesta europea (EURCO)"
"956","Unidad de mercados de obligaciones – Unidad monetaria europea (E.M.U.-6)"
"957","Unidad de mercados de obligaciones – Unidad de cuenta europea 9 (E.U.A.-9)"
"958","Unidad de mercados de obligaciones – Unidad de cuenta europea 17 (E.U.A.-17)"
"959","Oro"
"960","DEG (derechos especiales de giro)"
"961","Plata"
"962","Platino"
"963","Código reservado a efectos de ensayo"
"964","Paladio"
"965","Unidad de cuenta del BAFD"
"967","Kuacha zambiano"
"968","Dólar surinamés"
"969","Ariari"
"970","Unidad de Valor Real"
"971","Afgani"
"972","Somoni"
"973","Kuanza"
"975","Leva"
"976","Franco congoleño"
"977","Marco convertible"
"978","Euro"
"979","Unidad de Inversión Mexicana"
"980","Grivna"
"981","Lari"
"984","Mvdol"
"985","Esloti"
"986","Real"
"990","Unidad de Fomento"
"994","Sucre"
"997","Dólar estadounidense"
"999","Sin moneda"
"ADP","Peseta de Andorra"
"AED","Dírham emiratí"
"AFA","Afgani"
"AFN","Afgani"
"ALK","Lek"
"ALL","Lek"
"AMD","Dram"
"ANG","Florín antillano neerlandés"
"AOA","Kuanza"
"AON","Nuevo kuanza de Angola"
"AOR","Kuanza reajustado de Angola"
"ARA","Austral de Argentina"
"ARM","Peso moneda nacional de Argentina"
"ARP","Peso argentino"
"ARS","Peso argentino"
"ARY","Argentina peso ley"
"ATS","Chelín austriaco"
"AUD","Dólar australiano"
"AWG","Florín arubeño"
"AZM","Manat azerbaiyano"
"AZN","Manat azerbaiyano"
"BAM","Marco convertible"
"BBD","Dólar barbadense"
"BDT","Taka"
"BEF","Franco belga"
"BGJ","Leva"
"BGK","Leva"
"BGL","Leva"
"BGN","Leva"
"BHD","Dinar bareiní"
"BIF","Franco burundés"
"BMD","Dólar bermudeño"
"BND","Dólar bruneano"
"BOB","Boliviano"
"BOP","Peso boliviano"
"BOV","Mvdol"
"BRB","Nuevo cruceiro"
"BRC","Cruzado"
"BRE","Cruceiro"
"BRL","Real"
"BRN","Nuevo cruzado"
"BRR","Cruceiro real"
"BRZ","Cruceiro"
"BSD","Dólar bahameño"
"BTN","Gultrum"
"BWP","Pula"
"BYN","Rublo bielorruso"
"BYR","Rublo bielorruso"
"BZD","Dólar beliceño"
"CAD","Dólar canadiense"
"CDF","Franco congoleño"
"CHE","Euro WIR"
"CHF","Franco suizo"
"CHW","Franco WIR"
"CLE","Escudo de Chile"
"CLF","Unidad de Fomento"
"CLP","Peso chileno"
"CNY","Yuan renminbi"
"COP","Peso colombiano"
"COU","Unidad de Valor Real"
"CRC","Colón costarricense"
"CSJ","Corona checoslovaca"
"CSK","Corona checoslovaca"
"CUC","Peso convertible"
"CUP","Peso cubano"
"CVE","Escudo caboverdiano"
"CYP","Libra chipriota"
"CZK","Corona checa"
"DDM","Marco alemán del Este"
"DEM","Marco alemán"
"DJF","Franco yibutiano"
"DKK","Corona danesa"
"DOP","Peso dominicano"
"DZD","Dinar argelino"
"ECS","Sucre de Ecuador"
"EEK","Corona estonia"
"EGP","Libra egipcia"
"ERN","Nakfa"
"ESP","Peseta"
"ETB","Bir"
"EUR","Euro"
"FIM","Marco finlandés"
"FJD","Dólar fiyiano"
"FKP","Libra de las Islas Malvinas"
"FRF","Franco francés"
"GBP","Libra esterlina"
"GEL","Lari"
"GHC","Cedi"
"GHS","Cedi"
"GIP","Libra gibraltareña"
"GMD","Dalasi"
"GNE","Syli"
"GNF","Franco guineano"
"GQE","Ekuele"
"GRD","Dracma"
"GTQ","Quetzal"
"GWP","Peso de Guinea-Bisáu"
"GYD","Dólar guyanés"
"HKD","Dólar hongkonés"
"HNL","Lempira"
"HRK","Kuna"
"HTG","Gurde"
"HUF","Forinto"
"IDR","Rupia"
"IEP","Libra irlandesa"
"ILP","Lira israelí"
"ILR","Séquel"
"ILS","Séquel"
"INR","Rupia india"
"IQD","Dinar iraquí"
"IRR","Rial iraní"
"ISJ","Antigua corona islandesa"
"ISK","Corona islandesa"
"ITL","Lira italiana"
"JMD","Dólar jamaicano"
"JOD","Dinar jordano"
"JPY","Yen"
"KES","Chelín keniata"
"KGS","Som"
"KHR","Riel"
"KMF","Franco comorense"
"KPW","Won de la República Popular Democrática de Corea"
"KRW","Won de la República de Corea"
"KWD","Dinar kuwaití"
"KYD","Dólar caimanés"
"KZT","Tengue"
"LAJ","Kip"
"LAK","Kip"
"LBP","Libra libanesa"
"LKR","Rupia esrilanquesa"
"LRD","Dólar liberiano"
"LSL","Loti"
"LTL","Litas"
"LUF","Franco luxemburgués"
"LVL","Lats"
"LYD","Dinar libio"
"MAD","Dírham marroquí"
"MDL","Leu moldavo"
"MGA","Ariari"
"MGF","Franco malgache"
"MKD","Denar"
"MLF","Franco de Mali"
"MMK","Kiat"
"MNT","Tugrik"
"MOP","Pataca"
"MRO","Uguiya"
"MRU","Uguiya"
"MTL","Lira maltesa"
"MTP","Libra maltesa"
"MUR","Rupia mauriciana"
"MVQ","Rupia de Maldivas"
"MVR","Rufiya"
"MWK","Kuacha malauí"
"MXN","Peso mexicano"
"MXP","Peso mexicano"
"MXV","Unidad de Inversión Mexicana"
"MYR","Ringit"
"MZM","Metical mozambiqueño"
"MZN","Metical"
"NAD","Dólar namibio"
"NFD","Dólar de Terranova"
"NGN","Naira"
"NIO","Córdoba oro"
"NLG","Florín neerlandés"
"NOK","Corona noruega"
"NPR","Rupia nepalesa"
"NZD","Dólar neozelandés"
"OMR","Rial omaní"
"PAB","Balboa"
"PEH","Sol"
"PEI","Inti"
"PEN","Sol"
"PGK","Kina"
"PHP","Peso filipino"
"PKR","Rupia pakistaní"
"PLN","Esloti"
"PLZ","Esloti"
"PTE","Escudo portugués"
"PYG","Guaraní"
"QAR","Rial catarí"
"ROL","Leu rumano"
"RON","Leu rumano"
"RSD","Dinar serbio"
"RUB","Rublo ruso"
"RUR","Rublo ruso"
"RWF","Franco ruandés"
"SAR","Riyal saudí"
"SBD","Dólar salomonense"
"SCR","Rupia seychellense"
"SDD","Dinar sudanés"
"SDG","Libra sudanesa"
"SEK","Corona sueca"
"SGD","Dólar singapurense"
"SHP","Libra de Santa Elena"
"SIT","Tólar"
"SKK","Corona eslovaca"
"SLE","Leona"
"SLL","Leona"
"SOS","Chelín somalí"
"SQS","Chelín somalilandés"
"SRD","Dólar surinamés"
"SRG","Florín de Surinam"
"SSP","Libra sursudanesa"
"STD","Dobra"
"STN","Dobra"
"SUR","Rublo de la Unión Soviética"
"SVC","Colón salvadoreño"
"SYP","Libra siria"
"SZL","Lilangeni"
"THB","Bat"
"TJR","Rublo tayiko"
"TJS","Somoni"
"TMM","Manat turcomano"
"TMT","Manat turcomano"
"TND","Dinar tunecino"
"TOP","Paanga"
"TPE","Escudo del Timor portugués"
"TRL","Lira turca"
"TRY","Lira turca"
"TTD","Dólar de Trinidad y Tobago"
"TVD","Dólar tuvaluano"
"TWD","Nuevo dólar taiwanés"
"TZS","Chelín tanzano"
"UAH","Grivna"
"UAK","Karbovanets"
"UGS","Chelín ugandés"
"UGX","Chelín ugandés"
"USD","Dólar estadounidense"
"USN","Dólar estadounidense"
"USS","Dólar estadounidense"
"UYI","Peso Uruguayo en Unidades Indexadas"
"UYN","Antiguo peso uruguayo"
"UYU","Peso uruguayo"
"UYW","Unidad Previsional"
"UZS","Sum"
"VEB","Bolívar fuerte"
"VED","Bolívar digital"
"VEF","Bolívar"
"VES","Bolívar soberano"
"VNC","Antiguo dong"
"VND","Dong"
"VUV","Vatu"
"WST","Tala"
"XAF","Franco CFA (BEAC)"
"XAG","Plata"
"XAU","Oro"
"XBA","Unidad de mercados de obligaciones – Unidad compuesta europea (EURCO)"
"XBB","Unidad de mercados de obligaciones – Unidad monetaria europea (E.M.U.-6)"
"XBC","Unidad de mercados de obligaciones – Unidad de cuenta europea 9 (E.U.A.-9)"
"XBD","Unidad de mercados de obligaciones – Unidad de cuenta europea 17 (E.U.A.-17)"
"XCD","Dólar del Caribe Oriental"
"XCG","Florín del Caribe"
"XDR","DEG (derechos especiales de giro)"
"XEU","Unidad Monetaria Europea"
"XOF","Franco CFA (BCEAO)"
"XPD","Paladio"
"XPF","Franco CFP"
"XPT","Platino"
"XSU","Sucre"
"XTS","Código reservado a efectos de ensayo"
"XUA","Unidad de cuenta del BAFD"
"XXX","Sin moneda"
"YDD","Dinar yemení del sur"
"YER","Riyal yemení"
"YUD","Dinar yugoslavo"
"YUF","Dinar yugoslavo"
"YUM","Dinar yugoslavo"
"YUN","Dinar yugoslavo"
"YUS","Dinar yugoslavo"
"ZAR","Rand"
"ZMK","Kuacha zambiano"
"ZMW","Kuacha zambiano"
"ZRN","Nuevo zaire de Zaire"
"ZRZ","Zaire de Zaire"
"ZWC","Dólar de Rodesia"
"ZWD","Dólar zimbabuense"
"ZWG","Oro de Zimbabue"
"ZWL","Dólar zimbabuense"
"ZWN","Dólar zimbabuense"
"ZWR","Dólar zimbabuense"
